mw,xlink,hyd,side,tg_like,density
388.10824403520184,5,0.35447081681040105,0.4031125131684404,77.00884835685989,1.4219267444979067
222.2448276772659,2,0.21863589590544724,0.5763521775039749,-27.77219172602584,1.247811950623776
430.0059703561343,5,0.07936252604312716,0.2225473929250015,87.18051814018605,1.3284773642406202
350.1971743843851,4,0.3629693712120824,0.2550490605084787,109.27423898226212,1.4207452671216343
51.61778720438652,3,0.6735660259631454,0.4872737767122355,53.1104570693506,1.1053460852764703
487.93306406019417,5,0.47413748048923104,0.3034573888456447,70.76106264388098,1.6763882245175998
381.7641524852247,3,0.3720792618086019,0.4419438558694398,71.30972368426096,1.5139251952336938
394.10183111209216,4,0.12194984811925047,0.27582567867215524,118.77735273597563,1.3677462288393847
68.41624817439521,1,0.21408358885723172,0.12929708508762028,8.061504574275887,1.0959064592560215
227.94103925830572,5,0.24160306722345276,0.4471223056686065,-22.31438628874058,1.1357619633312404
188.5450219951277,3,0.5471223091947023,0.07869310151082595,38.25842993543465,1.3467530808141464
463.7486694800579,4,0.6198620182220025,0.11915019811878484,40.6524676713904,1.7631180874672399
323.71323443992895,2,0.6360672048181849,0.3760949896705252,-19.75487698965544,1.599536003282168
412.26699856906083,5,0.6899695953629901,0.44836188011524186,54.228601229003715,1.6777931438685605
224.4900284195289,0,0.688538344017946,0.5368127321206889,-47.59879530893993,1.545357909380507
117.48316728346455,0,0.6694494362991878,0.16355189844953502,107.70362841721766,1.3813246974459426
279.5194695728382,3,0.09668439132687484,0.0664345551603326,-5.022372770385523,1.239194537876968
36.589541771566786,4,0.13956579835307337,0.5736279957135775,-43.27476457366739,0.8744696453269833
414.6774301363281,4,0.24790324220942134,0.09265385281328546,-31.597594949274303,1.453569182364085
317.6738775654221,2,0.4093838651418999,0.11860018935278371,-9.157678792460906,1.5008695941721912
380.25343134226006,3,0.11303562765856154,0.17479767213507943,-3.435951336972316,1.3812985952473906
180.49035422428483,3,0.5997680225713926,0.31763481241577246,-44.42230008538613,1.3063178335572099
485.49552207547714,5,0.4508915164002508,0.5296953396204468,-2.5096819270660475,1.620123598084095
447.09495505448785,3,0.40253686149643314,0.4563276136379201,-17.199904796108036,1.6270905435570024
390.2998310515121,2,0.15745236018873923,0.42489453230558105,14.36555766386816,1.4319711910749637
101.34616038672395,5,0.21461605836012826,0.1051083407136022,15.478515350514769,0.9639631521955696
236.02689684488192,0,0.1542028162384677,0.21460957891558455,7.6313159024894475,1.343837265185929
26.682864064678245,5,0.6037565525666191,0.28704295565200677,5.7470602002196784,0.9678848445625032
81.37329857343617,0,0.42974810903979177,0.0884555720913515,-34.74568278398729,1.2379323465150784
343.109231855015,1,0.5278341278877616,0.1640578212760035,-45.71515898855243,1.649137381987168
373.6572671743695,4,0.24242136089151672,0.18499992237170654,-15.640568973400683,1.3907624628851072
483.91731755493396,4,0.2913142141073801,0.07636571899742355,78.63040266082461,1.5989476460332006
166.2835522783852,5,0.3131557268772469,0.33014381514495456,118.43766014369075,1.101394077447779
188.37755448726008,4,0.5440097316336227,0.42301691791451573,107.84944975974594,1.252491338530426
237.43012658152492,3,0.5520294419884693,0.04195897888611672,35.71729044142067,1.4122093348232732
98.78832274672142,2,0.18442879288412062,0.28867386105788984,40.41005548224882,1.0754490755328017
69.31114514105846,0,0.6620002568797643,0.469326717160677,3.478866736093238,1.2807359132267575
240.4739384818372,0,0.12842596933839615,0.4487940773714681,81.56970456840156,1.3379646271828214
117.32012778018763,1,0.6324793535753597,0.4890438577312525,80.00863694855028,1.308384426352208
336.55792736784264,0,0.11525716967237604,0.2689443799023642,93.52630078901558,1.4333032834788124
221.3901998418037,3,0.22195087724835216,0.4923342495839164,102.23577812347034,1.2086581227062507
417.17570704862953,4,0.6002110484441721,0.14445184272856168,23.839372198300282,1.6931230311465433
351.6312254911133,5,0.16666984702495682,0.2164863368505092,80.36884657822358,1.2773141650592092
159.62148748411033,2,0.31881915535148037,0.10581334585068078,87.08778389529937,1.236005883880942
416.96860169062455,5,0.342408544963682,0.28049072365714306,2.4381358246175253,1.46178595894359
403.3583569609169,5,0.20941833246508623,0.23523601344926592,107.9711814810455,1.3589733961786619
196.80179761993637,5,0.5116593808683912,0.1445562698485873,-33.96194455125857,1.2268724379099054
147.72241144547084,2,0.6033675221114324,0.45106842553846893,119.02576045775808,1.2840759090739153
342.83527446761286,1,0.6184738409061217,0.18830806326698793,80.91542208700781,1.695911107198801
74.17747938660835,5,0.2705593947287646,0.16368259808750144,-34.14394609486437,0.9580190050170944
103.95456022517862,1,0.3950527562870793,0.07853419851029704,61.55904017785011,1.1997123866998598
8.644323526747728,2,0.21146416251267347,0.2632930210811692,-44.189500142195776,0.9520110812182726
394.5275668635585,0,0.20911772600759448,0.1817787773023812,80.93178140551109,1.5767611605324912
334.1011740130559,4,0.15481514085375067,0.22156370480458115,85.8678966820394,1.2934391215543612
354.0568624200359,3,0.6610123570248845,0.14159835757233158,52.409743025546106,1.650813540624874
391.4608703558741,0,0.6271927385936269,0.4578932938919402,95.66626662581697,1.8283019096813051
232.16330889147827,1,0.5552831636629999,0.5580020084128304,-33.35984236347385,1.4681049213879278
286.5268919966824,3,0.3864799888370238,0.2987591116733326,-3.092946853061754,1.3926169838441835
74.19951407319044,3,0.36889514508271665,0.38579905400449954,20.410178670753993,1.057842042501497
61.69238640030685,4,0.3943346830186236,0.5203033659640236,-42.78214801922329,0.9957649858858671
335.8594660862835,1,0.39876920882510797,0.5992977824001952,26.196734887098245,1.532384361805981
238.1926220408506,5,0.33246600505349866,0.36810989083789925,-4.913712460863785,1.2036370547242825
284.79187270818846,2,0.13564064137984383,0.5338676799239213,16.764952057298004,1.2776482548368526
383.67443442093264,4,0.1316815043645484,0.5451649479333852,22.267447438692102,1.3337876259075987
319.1855684002924,1,0.6689623152996941,0.4748708926845734,99.49999469290645,1.6800172952756907
279.02180332570794,0,0.36331999373112783,0.2765588346438661,-4.042035010301362,1.5031702380459293
281.8075445689797,0,0.6695835911883727,0.04869240025433958,101.93633188176625,1.6719237505838198
155.45529854099303,2,0.15632497051157146,0.009483333264080306,22.415064018184367,1.1634168356880958
20.254828111130006,5,0.41037075882595675,0.28632037996975473,5.727312517977623,0.8752079738638644
221.17510767001937,0,0.1850162146785005,0.29658872012077064,35.42704838697483,1.335178713253385
111.21941304566695,2,0.21456999398229099,0.24441743271778338,21.016358681682732,1.1070459506455317
207.2216786436949,0,0.06953547619476622,0.3409004107748187,-6.246706780625168,1.258703048411804
427.43452126774224,5,0.12731965198113734,0.3312976219826562,35.45548521533138,1.3551814346104376
120.80004550334367,4,0.6459514649589772,0.5019678246196158,-24.193705376598686,1.1769016050801666
33.85985713608768,4,0.2589964444635156,0.06519426195735745,9.828090313904234,0.925049336622046
144.2850265508883,4,0.44528398774448447,0.13510659966332728,46.18433729359539,1.1606230620828588
150.3289100945084,3,0.3522591857930274,0.4758029873757782,20.279401546275963,1.1588226223337494
332.6486747898131,4,0.31029330940943084,0.5087021203341927,90.0651013786354,1.3610639768427018
280.7309154089328,0,0.3957259593749442,0.5968945281725206,-6.357300539021736,1.5023598977593284
393.0296135076747,5,0.17170531399997196,0.5237472098322504,114.8611684012717,1.330541629757382
333.8352024620568,4,0.6925925340377247,0.5339394042433986,83.40274354472973,1.5582689126303346
206.1614964128349,4,0.5819001146575109,0.1886087655779429,114.49081441957028,1.3190284414353421
407.9400904096872,2,0.5320495112754849,0.2409969804056258,92.4832143211517,1.7215017425395376
87.65159535431343,4,0.354693543059069,0.16085106289233062,-25.842332605220747,1.0218536450155002
16.242476201260935,2,0.14937012938211836,0.36377963891562937,39.498215407952344,0.9536201909127832
49.57369108394267,0,0.6484328078778191,0.563283212524223,-21.10365139671643,1.2271150039004795
362.5678785452429,5,0.27190159379812295,0.20678453190697063,89.09864994663374,1.3511934182364471
233.62922897443676,1,0.08256934830300694,0.3342010691288701,49.3075653611603,1.245053381485858
84.82953062163288,0,0.2725623899269086,0.17777977827209104,-5.21361655932602,1.1842476837542522
253.01716367616496,3,0.5663970698223249,0.1018799842636245,108.03182524121914,1.4557785545254673
80.39449084301836,1,0.45476068424233523,0.11711131789119339,-30.418370936575684,1.1882315089916176
349.67858566347934,5,0.5380450800841587,0.03476720672287796,45.856608590123386,1.4831454821079495
225.8473564091452,2,0.5658629995105453,0.5695761138055544,72.57689429334333,1.3952292539902567
193.60550691775882,0,0.18777049720235267,0.24172776510457775,-39.9957486534866,1.3167555863140246
154.24848412819887,5,0.6504591554605671,0.5004725352012649,51.635525645054614,1.1891317544303157
316.9898835938498,3,0.3346932418982421,0.4087976836138147,88.70320662872601,1.4005237619544302
184.09724222392825,1,0.4653588720217069,0.11515269684665123,-38.52035654893093,1.363624609817093
48.38671006147,4,0.05150070218138231,0.10527734794745269,37.0813050881266,0.8794585647609658
63.41292154965508,3,0.6956895239672657,0.4871929209063269,-6.045279714714198,1.1395073758191783
481.1393439520097,0,0.23258265087670082,0.1588270263717224,62.69715676127653,1.7470669007088984
454.74744190026547,4,0.0903410192511009,0.5479711102211854,-29.824847596596367,1.404304239237647
351.35503123632105,2,0.347870326998734,0.08403324281369437,109.29874321398617,1.5143321354156896
136.60563092246218,4,0.1338695371683271,0.40662516867268167,102.10385889150442,1.0201604016711143
484.7423067871233,5,0.1490123616024242,0.48868432561856034,-18.38434862112944,1.4181044101362859
390.4816974630683,3,0.46098382846963654,0.141153833049387,4.9552003420677835,1.580499528835964
359.8606436337028,4,0.30540280452065155,0.16572441807393962,49.89794569101731,1.4265171204741278
227.4339435611754,1,0.6492040926007467,0.578711331683521,72.07059722782257,1.505057317318177
139.75957311335372,1,0.25745172149524553,0.15875856320769496,25.25152257724389,1.2246443102403757
52.71352626598215,2,0.5220170834495357,0.25797422994002867,-23.43047526663424,1.1210234928355516
451.78818628920163,5,0.3497146296006899,0.25950935594541963,-32.29424605351183,1.5234177955680286
230.60926346763748,3,0.47896834573403113,0.15182084995781012,119.96010727543845,1.3643936890621682
105.169865573639,2,0.4398019818653937,0.4654746518622543,27.409860645392826,1.1726121057283196
156.448528954573,4,0.35730958229334875,0.4631096059374931,98.33039735524468,1.1227490214904439
291.7136866262385,5,0.6675397115058841,0.22699080853427137,32.00392078694945,1.4387418506498075
92.5025275549197,5,0.27276386779072126,0.5010754746484402,106.80079855282057,0.9563062372306779
429.02407062572587,1,0.16520307581202714,0.12784496063940143,-35.0809049288364,1.5757306170594045
380.467167268429,4,0.4907611395718883,0.0025834654006071877,-30.616737473126335,1.550605294701077
361.1341631957137,3,0.5999049148501406,0.34270041723344463,108.03747191311814,1.6270974303914667
218.88605468867635,2,0.07616493096095045,0.596446663471427,111.07381765761343,1.1759659546100472
315.5178761477094,2,0.3422612474747423,0.023186585896130762,3.5019660691117664,1.4769915413221426
294.1284946118041,0,0.630116998296762,0.12479884422507634,10.378030788958213,1.6788870687116122
326.6740677696359,1,0.5372521022998639,0.3113487854922505,26.916539921908864,1.6123535368592141
46.7999389642451,3,0.6946750157234584,0.48596444186692234,20.747485611439444,1.0966612815988441
210.82466407445176,5,0.39541897753820837,0.053425203045031934,-17.69231328686857,1.1964151538148626
25.599016061636778,5,0.47899721722074823,0.23714079225533657,102.72381526969366,0.9468784470831564
249.52545552603686,1,0.24661218273965324,0.44824548037793177,-6.937707880040563,1.340361315190117
168.28130010472873,4,0.6658981397828949,0.22292592504381695,69.89630961120076,1.2791175404758928
76.53947348869322,0,0.28811806756174857,0.11330185228538338,-38.58353478505461,1.165150736702357
56.184469022663066,4,0.5300319632463085,0.1172974964379524,-43.41227364016699,1.069274344358618
295.8840632279675,2,0.3120411326774032,0.24602927214899653,61.134180338076504,1.420401513496606
89.44351942575862,2,0.4151823045409495,0.2876502448835347,7.63269578745426,1.153807833877138
462.9344585965146,4,0.517858647764005,0.5170886506896084,61.428096762400216,1.6921899586371272
292.6252641516955,2,0.3808071986383802,0.3853514511407961,-34.016395631298835,1.4392292108653926
176.70055324474436,4,0.6396061124911805,0.4142411727093009,111.47473458569675,1.2764771143173137
297.5031682833013,3,0.32254564215307663,0.5897923029215442,77.24745937182622,1.3532167947820957
16.28791615970026,5,0.4705966687931613,0.24710606418058423,98.96542961438587,0.9158167261663988
479.48681055451544,3,0.27253558164503516,0.24201264194947697,-26.800005812433145,1.6326605579105016
243.7402012867356,1,0.3153018343501584,0.5540081806354873,4.427364711787796,1.3695949075170186
392.45393748889165,4,0.336032570351809,0.14752535220303517,12.618507915078496,1.4772985335850461
45.95134996160709,2,0.13177456190298542,0.43788914778172,41.319350215559155,0.9856774848717129
245.89587376488936,3,0.10962039138835435,0.45274388293088075,0.46764253626042773,1.1750666121285454
247.89996220548787,0,0.4838684500453926,0.05867279846726585,-39.69277382780113,1.5404485963200965
469.22409521261653,0,0.4760865299229839,0.2809388434161504,12.709324725370017,1.8516191380673563
288.0053859261573,3,0.48089131423656184,0.12033748279293241,-6.726616513362039,1.4537451680447648
239.37725352319214,1,0.06284818947274959,0.11122516368149139,15.606619548746522,1.2759500384423998
137.15295323048733,5,0.26225544773665693,0.2782968662777257,-16.51687775459554,1.0285273080906634
169.12665368456334,5,0.17857640071847797,0.17365782450483896,-5.4776163239949724,1.0425032899268958
262.7328392234112,4,0.5557984246536081,0.47763626857552255,56.58189787348569,1.3803056471787156
222.26117285099812,4,0.6094097609074846,0.5445629348342894,15.986151878271059,1.3327881790188452
15.69797954076356,3,0.21034224519699574,0.4816323631730194,8.715176838813655,0.9108407636863296
414.0145024762071,0,0.48410195325119104,0.15961852357299913,40.7639575628034,1.7786341876281464
448.59958206068455,2,0.13408582224787838,0.16448063621316503,81.21629194346738,1.5397234322419107
74.42329905431234,2,0.22884914164111364,0.15283701007048045,14.407552579152721,1.0668995736047413
279.24789105182947,5,0.14012542255172267,0.08102285763374163,49.87831373449289,1.1691639942524397
58.74499186204456,1,0.23428849828949894,0.5662790208622267,114.25444631258995,1.0635369455070374
337.7588460547068,2,0.4885787557770306,0.2412286788942416,38.73661940006862,1.58104745655701
144.21072300030912,2,0.6417124916204141,0.13481368472752422,104.66558800798256,1.3364797242820878
331.4142041724914,0,0.18163956515072088,0.5080026303049461,84.92434612359258,1.4718376027577482
364.8623340720069,0,0.4023513727179674,0.23951718159467428,-40.017824119474554,1.650989231136224
385.4805084992402,2,0.505904215808231,0.021070086665799948,22.94680814977366,1.674941649698005
58.3317682481688,0,0.6693996045156176,0.09716494214977871,68.71412933765998,1.276402313460499
458.4258633431159,0,0.44653931387666296,0.383550204213702,117.74102511619398,1.8132970277153666
118.955925492966,2,0.2158195051677974,0.4697431645030343,27.923969497457136,1.115507673918588
23.51921530720899,1,0.4565608019940585,0.12656063309322776,-34.226472798454296,1.1206284508089357
279.6519723487843,3,0.25831925509071046,0.5504373535596853,45.54155970118752,1.2885411333117973
188.60653051190718,0,0.68448345394961,0.5105982720312986,-28.48415533892675,1.4820704824230098
415.7459228505445,1,0.3097894878563639,0.5090284524366485,77.75832524749687,1.6146052432432012
405.0844786718294,2,0.49552801849465916,0.13659668807952846,36.30508956850224,1.7048623601736632
161.9837519472441,5,0.065097928525393,0.03032159319003462,72.98333262413871,0.9768934037685438
476.68520055952376,3,0.31003993998759094,0.5204541236895501,97.79151056934904,1.6150895392803843
149.00432987935872,5,0.6188199486596325,0.1834801372431404,56.92116291767212,1.1774940504153555
259.95327896969866,2,0.44664783888160975,0.37134982870411554,54.114685973040864,1.4118082330623203
131.70271983096336,2,0.33856287615738456,0.45598013022043804,78.2769502247373,1.1682922679285794
468.34156717423684,2,0.6583593746332218,0.0769759551066721,93.21735024695346,1.895128687291745
86.48086970309899,5,0.6050898444956989,0.46850301271142875,97.73914366709045,1.0590604953353147
27.23075659920285,5,0.25944018798490986,0.5631068753766395,-43.806866733909835,0.8511624490564906
220.37304470150377,5,0.4039564613268707,0.4370249794478454,44.55235045562418,1.1933121093891008
496.22590420763936,4,0.36838576646010074,0.26473364908833485,-13.234217334416257,1.6340878705645758
446.3802467961824,3,0.46093162507466046,0.5260068832510217,96.25880143290317,1.6719999343735774
375.56096963118983,3,0.2671723235231911,0.31647457804353535,60.227606484571396,1.4601966727348565
445.9422829848698,5,0.20873325049782732,0.4468625566900525,21.43782143551448,1.4251983707654299
447.2560866504423,1,0.6432366929160984,0.4923035663151624,-18.022281219370278,1.856931128500292
261.8348883912923,2,0.6505184246740291,0.44961171701940356,7.634016406370506,1.5186985789438228
161.38488065624253,5,0.5981598757452863,0.17271292562889237,69.64220807183817,1.2115118583467075
387.14615389493906,2,0.6858328799969649,0.07070634054349864,-15.258877314021404,1.7643156505473423
332.52232526804175,1,0.5342444917567974,0.14300311761723608,-34.090899292476635,1.6370749154703688
189.96057579248648,3,0.5470336985652997,0.30172496218821193,100.96488889868368,1.3115023047842378
51.76100069045006,1,0.5456835597757164,0.3031661533758575,79.91575942861985,1.1931318154374693
374.6608576177679,5,0.36239496011249916,0.3495866095887225,-16.03486178811746,1.432552675464605
134.91795538181802,5,0.34669392643427654,0.2370611025287345,-0.3070376169014182,1.0405211283925762
468.7225095142207,1,0.20614707949685201,0.47213482887001657,115.25193011225056,1.6496762547964574
124.28043462781395,3,0.4691324763335387,0.5478922502083247,70.39136274904996,1.1511668835893742
65.76517654368558,5,0.23805808846651744,0.14803503208768276,53.788740716350205,0.935368571931492
416.40077270182854,4,0.21757546630653035,0.44191393062113277,2.2968425221021604,1.436317012462634
80.87573672912455,1,0.43087489316243555,0.4067831115270268,0.8512745083087836,1.166214081111009
93.73781253808085,3,0.31648855234627804,0.313854299567589,-43.28098482266082,1.0752879305668779
301.69448180281756,3,0.1922567957165109,0.11311814032449613,73.84191737332834,1.320512735347884
437.9082102145449,3,0.5804364108893402,0.4771393551496257,-42.66021174032963,1.7326293787364346
102.23515952871375,0,0.6093704475413444,0.5763757713772996,-49.17425257786256,1.31086936142038
158.6102180855469,1,0.1590046877905576,0.43310179934016807,74.01416493636646,1.1963767465676545
389.8153949293829,5,0.05487957131999992,0.5507159979754404,111.30853871535132,1.245752824319806
486.05408090017886,1,0.2684844795440929,0.5905111589687998,78.60551811364277,1.6811225502633513
252.86688717015946,1,0.5683820431924891,0.21123040454354292,30.17883240614438,1.5310049473064782
76.22926376286914,1,0.5954630130523109,0.38293413175580215,32.627692425348414,1.2325091760418527
11.898462415559765,1,0.139913895575432,0.2843596425828468,24.143191850347904,1.0001631251896175
118.67973484943336,0,0.5533183357689833,0.5919772481179381,5.189423408756724,1.3077144529260876
70.25199780432791,2,0.12520770875112913,0.05628469440463495,38.691416411592826,1.0229546338455782
340.44104343836443,5,0.30354068360174397,0.24742494857833475,23.295662713989557,1.3312504823962463
65.3070897911229,0,0.6990961847577453,0.5253234267163417,51.6885396069317,1.2729125698702144
255.63331615221333,1,0.17518403510009134,0.17043078631590927,102.68041368518607,1.3447873574503317
348.6599056432288,0,0.15007632867545717,0.4726757103833236,119.15160094504776,1.4836730355571572
292.6527215643467,3,0.32482021615541573,0.2296698976681534,-36.61364071990409,1.3672998412561221
103.88894757172852,1,0.4527845418804099,0.5879871239340949,15.396190352428036,1.2231848001427115
403.04164046022004,4,0.6563855085686146,0.5301179018542245,-19.279946719642393,1.6805704855617294
359.1265291598218,3,0.6875337445964722,0.1807922145975692,9.86048056734073,1.6777249328772093
370.7970819381932,4,0.0952664137844065,0.46211586812271305,-1.1295868467680918,1.2839222392361165
69.87358702087006,3,0.13969838627613845,0.2021139262999612,-20.32868762344599,0.9990948350644816
66.25813280692057,2,0.563979683032396,0.3638177041293211,79.89292908161937,1.1556783567411608
464.1434627482213,5,0.22591089897605926,0.39508846103597517,34.369086280970095,1.4575268320089871
201.80120594334562,2,0.6251518886791344,0.49775724545142297,106.27174897692836,1.395930332495358
153.96960243156516,5,0.4812446171989063,0.014670504529208928,-44.45928464800754,1.1429000339886044
246.849102449009,5,0.12269912154744016,0.1320947346913798,-38.613737767561716,1.1062277895634833
333.1177853179733,3,0.5911440352006047,0.42715068635314724,18.5565090981585,1.568776135376558
478.0335122382501,4,0.1646316470052493,0.33811394218172236,-36.35285553131369,1.4738487272216638
146.79088230661722,1,0.3252720065417749,0.2973630469206858,-5.3359686094783,1.273149642095246
462.7801725094534,4,0.40892020356356445,0.03312597402478827,117.625056323026,1.6307302007461884
17.305448236196877,4,0.37549799690218083,0.2089655300768737,-14.476866727615608,0.9257032120456176
279.8230309517782,5,0.4960058951498477,0.5190601391463889,-16.31998395994458,1.3342541653530684
318.81768028213713,1,0.4742463776650158,0.01853570222161931,47.51891369527054,1.6057472933171144
57.41921485662288,4,0.6948273035932356,0.23786174121888726,34.65970943483664,1.1024392397056635
74.46810054663675,2,0.6996242409957221,0.5670889726024636,48.67451052448361,1.2091200897444032
212.46158806157038,1,0.38569861171316655,0.030528440727008777,14.04499729545293,1.3633094729680184
483.28479651087497,1,0.11187940652456159,0.44982345062678203,90.549601182141,1.5762119081240975
300.04106385101454,3,0.5230981443296668,0.15456756970922186,-26.441306254781317,1.4766706649443053
466.84649469210456,1,0.6848316508407829,0.5199652992922035,22.82674979304916,1.9127034176772804
403.1586532284205,0,0.2569121519588632,0.447640787375619,67.2595142354948,1.6128982272656884
236.3538927698693,2,0.34978577579442294,0.5314231025150177,97.60019484809294,1.3043656119233897
393.45790737983276,3,0.3261050011300463,0.12955487425875958,12.827173080648805,1.5103029177166027
13.82920806860893,1,0.08342245046200408,0.31877565289116294,46.516751845937975,0.9716103755973434
59.026278399038794,5,0.4869718802952391,0.46756196614488044,-38.24620934876555,0.9678562392226389
415.5671643669545,4,0.27966950179450406,0.14741984579698858,-21.04575502098908,1.4846632063731668
399.42445872095504,3,0.5618515185104764,0.13844778316033016,-38.246512380760535,1.675336803821848
120.15716727338467,5,0.5908780489332909,0.016309280098551013,73.73975163974872,1.1512359649248969
267.7309473465315,2,0.5838000112885995,0.5751091763852714,-1.0298053172360824,1.4927891927340535
304.9778312465054,0,0.320832898725922,0.426010128032774,73.03669933261241,1.519931666667481
434.53078211912555,0,0.25900469345658467,0.3813362124061109,-38.71229256264333,1.6610953055825084
303.53804288266923,5,0.5367335067835856,0.4463968336169945,96.63312606941534,1.3985329510604023
209.22292679047177,5,0.5709031319977699,0.3189677512172636,92.04013367888558,1.2697552837484065
190.22110148655543,4,0.36931734015438794,0.2856802926542462,-34.882113681451955,1.1914538451619239
215.8116327548874,0,0.6304701626985969,0.2697193446741125,-45.96139390227829,1.5242007372540336
327.7058576620872,1,0.14354065245106287,0.38426352726218477,-40.4309017930615,1.3994873104893892
434.4078627174008,0,0.6213947067783241,0.1209209852354299,95.11712943494476,1.8958001072417685
229.67895662776837,0,0.11246190143172283,0.5328352170089218,-10.100406861177724,1.3000142413777378
127.68058366092227,1,0.14979158933549902,0.48705142273155905,43.20646403589207,1.1355115226655639
122.14786968380267,3,0.39699600862807416,0.2097381668712203,22.46151454060964,1.1426509946174055
374.27706872050595,0,0.09388701212181977,0.34716557808751464,85.23933945886236,1.4760802675305247
409.20153789483567,5,0.08432461591007173,0.08461637997000877,33.112711250014,1.3009041956440792
57.11264952779186,2,0.050337183707708594,0.5834077487601588,35.112342912415855,0.9700645747324468
37.946634192813185,1,0.333605828801271,0.54173561257817,118.14562971498341,1.072945735865024
299.2446635594436,3,0.5535055228399494,0.5531385038995202,-24.477975352626295,1.4693985217749528
77.35575587538565,4,0.07264492768194518,0.19929782862207096,91.21966958680835,0.9356150906049192
413.20877427588897,1,0.47396744420280595,0.10148082442971344,-41.202543247339584,1.728340068560463
158.61566359241684,0,0.5850327563205212,0.1270632980797862,31.200290827405027,1.4066954510194007
76.21660682071561,0,0.15920055157561622,0.05400083462705391,100.67692006861401,1.152715236116663
460.88038388128786,5,0.14546142763391273,0.0720663780608306,63.086374152700614,1.4143001220558173
86.93820275396268,0,0.6095206328533485,0.042782720510907236,66.48648529224259,1.310728169060333
145.9364407572781,3,0.5850309964675615,0.5938938415229241,-5.2360620163974545,1.2369339097872492
81.03863062006903,2,0.40031214807172144,0.04443461002144415,21.157714531447226,1.1542577496163422
62.16758151435071,4,0.5824799215410872,0.07952524857084817,12.318780794838588,1.0823398038613368
15.468268086537817,0,0.1102914503259216,0.49635275735444184,38.64534572685902,1.00903600526942
32.42072753630876,5,0.30641298666019035,0.3481441300457659,28.578748124423583,0.8929124058131876
91.44752811324709,4,0.5295684114691424,0.4646503227415994,5.572719819088192,1.0841409044930945
31.424056650451817,2,0.21734377356057616,0.378547204663593,1.931704103098916,1.010214707496406
297.61618897493076,1,0.5390137943818093,0.5293050421973688,-7.355008418629232,1.5595923994339742
341.95369076575565,5,0.37771609285402896,0.38308051665884435,12.058031970408933,1.3494003293492225
199.84707613185398,1,0.5376728921663514,0.3132750557418905,-24.509948751209688,1.415981382129933
162.40559299126446,2,0.35204176460726416,0.42764981625677984,98.25773134060753,1.24396681317114
254.7404873260039,2,0.2891378211441814,0.2684356510752657,52.36029661168264,1.3557479290687486
438.12744640613124,1,0.192472990711111,0.20763829374284082,-27.256307649044572,1.6078224967491468
426.31015527699196,2,0.18544657193275976,0.2805914714701275,67.95608681553023,1.5103899027006888
26.52015569633201,0,0.5384690268714073,0.1018284630591364,94.10329955965545,1.1970315564800378
94.84171275027941,0,0.1272917262220743,0.47794303788161485,-9.618935751115991,1.123213263239325
122.18871119667602,1,0.10588852757211432,0.15642226880156676,-24.397898962665135,1.1343615156991058
128.44685003694485,0,0.1645893872643846,0.09211892780222848,-48.535066287262154,1.1988773791977274
287.7601626126725,2,0.1639752324450492,0.14781134506993607,-41.96744239439753,1.3232407790851237
211.04990072308019,5,0.5850199548244848,0.5052420910633438,79.58272921159698,1.255752766720788
29.380789364159025,0,0.309029305258238,0.1981207773586388,117.82167644708795,1.126147078809321
189.93899853748795,0,0.6937524972843135,0.4116299217035401,-42.37034517903298,1.5109034170527285
264.25770961523045,0,0.13918731756389804,0.5138457783934436,77.17206304358174,1.3574442084434084
55.327591937339406,3,0.4748008867008681,0.046646800155025266,-37.78343180703679,1.0684832567027873
417.56198412533706,1,0.3416741796808128,0.4590146431068257,50.66258023362336,1.6354753099498274
30.72112390022661,2,0.30539681485309805,0.184599279827418,78.53279801280044,1.0221303699104645
462.7967251639407,0,0.6188047293851534,0.1299734185104256,11.064747535515401,1.9586243887012174
54.06100508203837,1,0.6841371697884597,0.4133408714717833,-48.14109741118717,1.22776041880222
422.5696010408876,2,0.6173583232032162,0.5458779736399403,51.1821898613224,1.7769683393546944
451.81330624417046,2,0.17499544137283646,0.17701152522743724,118.51158678380472,1.5474391363928757
489.8874868903634,3,0.1935186487858071,0.3413002832305914,-6.205038117455722,1.5349256737560484
402.0028107354288,4,0.4764480214117911,0.1739004683096949,-17.78648287817331,1.5605761971618695
390.84138268180783,2,0.2379043280648246,0.33257135143585675,-28.932598231902457,1.5139818190101457
323.0292216177961,5,0.5275713350073769,0.3731172183926043,44.39345538300954,1.4214020597874772
390.60319551617386,3,0.418173423026269,0.36620123327410786,51.395666891246464,1.552775908142233
71.6033431645078,1,0.40809069951876187,0.3741278217856475,84.68604231896839,1.1729682982213898
270.35367779408045,1,0.5885555011452107,0.08104787533051445,78.02245651548665,1.579693308347622
259.54032074425515,1,0.5118463016327406,0.4161242817520317,101.73205411516483,1.491826842572943
429.498211340666,3,0.0672755472482396,0.40485021382813396,86.98135871819125,1.396430465246818
234.08568596879036,1,0.08214843914491018,0.40955287333012985,-7.9645958764944425,1.248354197598603
195.61930056967498,5,0.44101299409641015,0.044442331643223795,44.49915882887939,1.20296088884443
321.5838192623695,2,0.366024849154479,0.26810330544849154,0.5600330459085967,1.4924735508436675
136.8993421629188,5,0.2191200259729444,0.24542107922743783,6.0635145237554156,1.0142817251480811
74.18536342220865,4,0.32212645675462104,0.05202689018591948,108.43054276909939,1.0246427863823624
241.54925064175418,2,0.5426417071763593,0.13342075673808643,65.9223038614025,1.4610052156928457
211.3602374544681,1,0.5872974650276545,0.264577579078822,115.680370252688,1.4453876275811166
120.12212056179249,4,0.41479499412852866,0.44574378591484937,20.87513124218657,1.1013714808593402
186.91834600698837,1,0.3004901625571169,0.14223724619079792,41.36438747017601,1.2970998596849037
186.36426266399246,1,0.22595289497181953,0.49784994607494687,32.80962138579169,1.220723660908179
167.11030438421,5,0.3892470060000147,0.32747897144367805,-31.761200220966426,1.0948348117516973
192.83471946482985,2,0.2545872520668476,0.4562530111107705,-9.760660930477428,1.214306739610681
344.44295600069296,0,0.4166618390806948,0.28353359000211426,39.69818130276197,1.6331100674337369
151.95385491278623,2,0.4898240486312644,0.299516535253334,-38.54636812738894,1.2718214213038335
474.6846737240935,2,0.09295148709760664,0.3718316336277841,108.34852798251117,1.5215633962502342
458.59226967139807,5,0.050693852264785705,0.5567823648994945,-28.946574069626962,1.3434820778357697
243.0506620085389,4,0.1879801402464829,0.29508754884774596,-16.34327310912579,1.1701231771627092
167.53879647732094,1,0.6314324735172077,0.31719452286497457,80.1046080695682,1.3985737158200324
270.0402209658516,0,0.47008899609856336,0.3611981781165177,-33.52112789581667,1.5385999977118237
425.03744194294416,3,0.16177422875906483,0.44250908237863545,103.04727693461959,1.4429822309212252
328.0307335772505,0,0.6286715751853522,0.04311020129174059,73.36916502283106,1.7323404551076977
403.17395483380335,1,0.355471361186771,0.3094124631131832,-38.334454291493984,1.6182382491496288
268.6975266525414,0,0.3594596418411294,0.2889549535236261,67.61400041856099,1.4971162300151946
318.29422648747226,0,0.6581022634977258,0.5530109905425422,57.37685216912402,1.6938010213342036
147.63702902031855,5,0.08866634991917101,0.29610394826180464,78.74940356578617,0.9919798618238853
368.77211534359395,0,0.18986587850866704,0.2809923208165986,90.79363492318708,1.5345184952259376
105.19027359723059,0,0.4307513613505695,0.5773199931208212,72.11959573943636,1.2587287284038555
348.92507376515664,5,0.17706623122830262,0.2703458781605289,49.649970196065226,1.277202379371594
431.05593882131757,1,0.4916925559858225,0.1085306581932542,4.818764158902205,1.7727034553337429
70.39090446426424,4,0.18915998806886813,0.130149673683473,68.53652251108795,0.9558074528322872
309.1179715682503,0,0.11445203088922931,0.05711252300218447,112.68516938723252,1.4290559661486926
52.07239537381763,0,0.18454035376654582,0.00034087755536666987,49.87870268990862,1.125005274405037
364.2292359943563,0,0.3247771222768404,0.25916739660028915,62.93862763382316,1.5992547070378451
46.824143317642516,4,0.1644898944625019,0.46154554877893283,24.311767173966118,0.899950879402909
468.2902122368099,3,0.13754981620017576,0.4400798656799015,78.54053765632264,1.485665116780912
73.01692536871207,2,0.6091832260423116,0.019289452681710118,119.6034566975681,1.2268114707579654
479.6457217249948,1,0.25825818233825004,0.34198974215641975,-22.733814908484863,1.6804547416288724
401.43766716212286,0,0.28449314623686484,0.09256987524808559,-15.591102484360405,1.6626464225021016
298.87259221084526,3,0.08592576617579796,0.5646457708588184,41.704418972946215,1.2330416070869568
392.3989317916257,1,0.28229025527633517,0.10041899978650756,31.833817534481895,1.5902632108436512
398.58184529662753,3,0.22212466525902674,0.37598353061848894,47.166863366142195,1.4412558581972816
473.2833960945785,4,0.4468152937721625,0.19574301729843405,-41.65741188687358,1.6651761101061664
130.42476015039767,5,0.18350369348706436,0.3849367955786113,18.726997576176316,0.9815148004372455
297.08756820236306,2,0.6274375444908463,0.2473551578784451,49.10630455114534,1.592820501615994
52.049352794378606,0,0.6542833035977108,0.4557858313838368,49.48252972184366,1.247775244251489
310.00202151194003,1,0.11489018716491362,0.1384074751967147,61.746773500623505,1.393506119406541
89.78919552593047,5,0.11981192158757518,0.543475111748556,72.43672493045284,0.9005103280390261
284.65055267885873,3,0.12496218477214217,0.3001257895880112,59.06302456794562,1.2691789303061938
288.3531044467556,3,0.45272001660170275,0.45365588862771167,84.34133641620394,1.4156752523259433
235.66265072570752,2,0.12927982673625488,0.5098381148407363,56.20930789638058,1.2472407069752591
263.7027288789958,0,0.604048506654673,0.5992971665728829,41.37630263132476,1.5721964561586848
383.142078053261,5,0.5402764847096301,0.13436739935637493,53.053392910927855,1.5372497059619903
400.62613467347296,4,0.5828757578547156,0.1721354481380729,-32.7971276519335,1.6276841853606394
248.6158417098374,5,0.3919393424759135,0.15025985203913295,-3.563388076661603,1.2752414604594566
301.7987535536931,5,0.6978401874874497,0.15772279929586958,39.657962711882305,1.5007621526078514
465.9619366666004,1,0.07871381691370483,0.34946684492362645,98.40782661829022,1.541719127896853
64.2681263080558,1,0.31082222672097365,0.5961135138875058,65.43876456895882,1.112183354710873
62.9662651205547,1,0.2605588348094635,0.5941668522556527,-34.63062665977741,1.0876948828115476
48.41596089583036,5,0.6666195741632166,0.3160639388173846,50.68674157554874,1.0475372625528638
330.64232609506126,3,0.4249596230234353,0.3834163261588043,-12.30454210169318,1.4544993203345418
212.21110889123784,2,0.5740241275390714,0.5159823262209635,74.7828151640829,1.389966811183979
388.28910099021243,5,0.16072177587803724,0.5597600750721031,90.66494492648704,1.2999300348056997
337.2595495877533,3,0.6861121935352853,0.12231637639772634,50.887566340295464,1.620628689329039
170.1506903724779,5,0.3741157054696048,0.3171250373654717,50.53164365779065,1.127697123327648
449.6914409439602,5,0.3708868495759197,0.49970223279690734,7.560545345838385,1.5194086745721764
382.4534127999729,0,0.6810750735547295,0.181921245980755,25.862503597422602,1.8545097422495114
138.91479575053697,2,0.29747603479114426,0.26388542548828003,96.89842014860872,1.2017836807486033
185.27504879716673,4,0.30839126596074534,0.5913726609072048,72.96445626441661,1.1368338710577865
160.64779020111013,4,0.43008925682320875,0.5910280180325226,38.35812214829332,1.1495706026445829
83.01776606937483,0,0.1332341968560615,0.5436640864591089,12.599505662223066,1.1143423352222703
78.15276940838487,1,0.25870565716770566,0.4790690068968345,-41.435444490945756,1.1183169140460065
468.3830943709933,3,0.17558540958933483,0.16147830043368344,-25.68874177451453,1.5262754585003462
221.76249841338287,4,0.11713426141958223,0.19251004444031247,-17.185717778306987,1.1214894474700066
194.74331227481787,0,0.612993994115163,0.3283697047229248,13.475202353974701,1.491701188155911
366.1944257953021,3,0.4330652579828594,0.3364664247372073,110.5044200029667,1.5378164240268977
278.7315673001855,1,0.2831373144931423,0.3033016916142402,35.876077125987266,1.3934257710209015
468.3892934850388,1,0.3156350952883633,0.38200216794978364,-10.077172245930718,1.68849262435484
391.24923948514913,3,0.33048735239678045,0.24499381357979327,-32.02247663154261,1.5303102789550496
242.28793424164746,2,0.461546968394061,0.4495044943893198,7.5119391825038875,1.3965646140217216
191.29793937300897,3,0.6524001044678456,0.2001299558870132,88.67420804367967,1.3587721494608167
493.3826147375394,1,0.6563067527770386,0.19840619816781152,15.168274879786352,1.9763406747786298
360.2913168218035,4,0.30446978669493113,0.0763355771350968,81.32598702381028,1.4225381286057481
475.84135670190136,0,0.2640205987385502,0.11322732601735154,86.4598459415694,1.7460046256516364
63.646895722435474,5,0.34318022512041574,0.5103125273528145,-31.160469151220298,0.9199602253838944
426.0141711994374,0,0.4191572497785201,0.2677694031482649,53.47215794655324,1.7469589224950155
320.35157257564777,4,0.3501816424423363,0.13672067193170026,113.04633077308884,1.3890049826976458
65.35123077588074,2,0.47818971638085556,0.4556046600134324,18.36347273360417,1.1191638360471587
296.18770998476424,2,0.4103593651968463,0.33238867549011564,-41.33950486948621,1.462922471003864
344.61770072719713,0,0.2584651053511494,0.012693606853976091,106.96145734383936,1.5441121002455844
11.089829514858405,4,0.27472502374571117,0.1898168744020291,100.22326786732211,0.9068548646640114
229.88739111166456,0,0.2960853119138251,0.10620084667280462,38.764046025530305,1.4177655659851571
413.572758042179,3,0.11151584936210264,0.39352371658970436,43.88303045848164,1.4113226893138722
151.20271754532448,4,0.15794071106908253,0.1650186243781517,-14.004012528058766,1.0559814316178473
231.9813004902828,5,0.520023971394501,0.038968067525966175,89.30662844258833,1.2944286879488214
223.94549289860714,4,0.30291286248935195,0.03296099351860155,34.762006526661494,1.2181880382034538
154.45405876403333,1,0.18945033216409335,0.3490363787752289,-44.24077482576539,1.1949166891872967
459.62873828019934,4,0.4157370668736572,0.013034073422453774,66.11254259632962,1.6539658924390066
391.74054753860037,4,0.5411007026077277,0.5092752678816532,111.58436586646002,1.5816586083653712
59.74126344307469,1,0.21732453552449138,0.09323827155436537,90.95558335877755,1.0838894216721249
498.53215562959866,0,0.5874134232504339,0.3639398011172579,-2.8763161642082338,1.9702310704219907
440.2040120323339,5,0.6528781587562822,0.2668128168064474,-40.93473556133209,1.7009467323481378
145.53467674269928,0,0.4383064438979964,0.2657109127391415,109.8597401314907,1.328720650948071
419.2638069321644,3,0.48481597834452667,0.04307828541602752,109.30066322954926,1.670385522102992
57.67766827633452,1,0.084174393709986,0.48165135012732935,40.510604351187794,1.0281979279982172
499.55684158474816,0,0.6645879291642391,0.5358314908519516,59.19395998416097,2.0278923298995224
334.51394437273575,4,0.30511507727221343,0.006610000430537077,28.642010320837414,1.4029129881754736
326.81188270160453,0,0.6505352603545294,0.10716250541827063,21.36011240678897,1.747935091620015
49.76815985714571,4,0.4263353910876576,0.5423425132772873,-29.69376589212094,0.9735932268942874
449.0315324538295,4,0.05300221924816295,0.3296961676800349,-33.55200727861367,1.3632300398479091
19.354754086212367,0,0.07505229956023321,0.09002374694892608,-10.435535065048128,1.0392433042400606
124.20988873036778,1,0.4922722236854492,0.1216742715654953,92.22892688911253,1.2794530863797053
75.79582820748433,4,0.41573420899075647,0.3959917465422685,-25.208508874934402,1.016922365074459
389.5001306426482,3,0.06724608418394833,0.43489009334812384,-11.461229174499174,1.341500705222332
103.11109247038445,0,0.5332489747945505,0.35965608514796116,43.264390084775286,1.2907056369416903
455.7659224297882,5,0.6038944690949681,0.5718890279475154,-13.427692926693354,1.6698296626705589
329.85317446710764,1,0.3726713635855503,0.2964381621970662,-22.254863597976193,1.532457798102463
22.900541694874626,0,0.3527423362322157,0.180163147285516,45.76376108865358,1.133685616307669
7.687767893706728,5,0.053557520742507865,0.2863397459854779,12.575856069424631,0.7846772095661942
30.570668922127467,0,0.5613223131208395,0.21579977619996657,56.44707859287976,1.2193531534433606
304.9329629356252,3,0.2649654433849685,0.13464953560481177,105.07490786947497,1.3649494711940353
401.73349637541054,5,0.6211963528586507,0.02757794960408404,-24.3311676560385,1.6254958667595434
123.08364621055729,3,0.29248938191273444,0.2113274961390745,105.28372216822086,1.112338864961915
425.4573772469211,3,0.4173006419099585,0.42684560862584536,103.42329446189618,1.6129334744192807
33.329810375863886,2,0.22572216232956288,0.011062681725116286,90.94488916710347,1.0238148269576484
401.4771075526297,0,0.15438240318019714,0.2635071079235608,57.31860594203448,1.579541089285435
464.2587379352788,3,0.5536901371978632,0.386405640869921,55.42493176914306,1.7519819422544556
387.19365755666837,5,0.372783811250083,0.36624246550458434,58.66615218920526,1.4475660445589251
350.5697880694254,0,0.39871715043896294,0.4659890615332295,67.38424370702823,1.6182652596335934
419.80020823441464,5,0.677520369763128,0.48631182939587847,-47.198025898653306,1.649934869425743
24.874893275797877,2,0.6763269429443999,0.4270234925516327,112.87573845731046,1.1258946000280432
104.88214480593241,3,0.6061673791065623,0.06167861768684965,49.55263944914857,1.2211651559211913
66.83722125629333,0,0.1719460402972718,0.2850134664026164,82.84919269841168,1.1118709012004504
254.74284014552833,3,0.4362772512960269,0.36204357449256513,14.137912640431736,1.3601599589474818
373.86812352277803,1,0.6207958260260993,0.14733962328567096,-47.89247363431469,1.7368078135829734
316.85586306531735,1,0.2934015586918095,0.025531090588065908,36.65489217899547,1.477815619824057
426.30989438215784,4,0.11571900785813022,0.13415419252562813,36.222320283707916,1.4065944125035807
81.83043125833998,0,0.5771258864559492,0.2729366410395833,24.2881790129468,1.276532570338458
368.63744050790496,2,0.3631463083854115,0.2483581914327605,7.751899207553052,1.5352293532366044
100.55553798010753,3,0.416855242233466,0.10600018879629698,-7.529565072347253,1.131741444756312
139.02558190231113,0,0.6883937926065988,0.49464932561009567,39.682628664521076,1.4012413544377622
356.4028251542454,1,0.4446874298211468,0.5554120012420347,13.797283747894,1.5960222053405473
490.2013685248475,2,0.32623660068296584,0.12080899143162913,114.88842011846748,1.7188187978872305
307.71408495864944,3,0.29048983910067855,0.557743749340333,-20.602357679621655,1.3417133150065321
31.97765592069132,5,0.3214525402251296,0.010716575505108494,4.343146496604788,0.9020152693540774
310.07294011412876,5,0.1269594040661347,0.5549774836241672,-0.026719942822929,1.1823709847360795
25.963523032182714,1,0.5665878629714216,0.5711572740485448,42.36255996011269,1.1322057971589983
442.6521271265745,0,0.5945159578215767,0.0072311178095551204,34.87764368560515,1.9201257593605872
356.24125112480726,0,0.23485813747271572,0.45781157806604883,59.43587912212642,1.5260633933386476
90.69828397913909,3,0.24746780196646362,0.582120943541906,111.50030099761534,1.0372038668799812
50.40189788297804,0,0.6183172666176285,0.543541331290667,-1.5124154660425475,1.2180887002854406
95.84894829575789,1,0.06558073109317104,0.5824260967177278,67.7711667733494,1.0770654014438663
490.1134538793253,5,0.38829733844869796,0.3301941034185836,-45.74316548911879,1.591814263567678
231.98751801695246,5,0.3513892145429756,0.046893683931232964,-5.393959635283828,1.2273246491653382
393.12006942899694,5,0.49858240022599876,0.5098735186830217,28.83235375942077,1.5067128902672298
320.02212934334955,1,0.1562046050971454,0.3682969534854069,-44.73088595820714,1.4205659818173912
288.3445092295255,3,0.48441498151684986,0.3688420465129734,55.00380829411861,1.4430000676094312
76.8394760591996,3,0.29487710511866966,0.2503521659152117,65.3128034282904,1.033697919314034
473.28210451125705,1,0.45216460581026724,0.3431051859126655,76.94439152246794,1.7953217740265197
154.16460309478538,3,0.07606175641730435,0.09214786745166871,37.81766582331208,1.0835258448940874
291.11852182473336,3,0.35012267816993103,0.44386201593969016,52.670593046366534,1.3786031154136482
351.38909257158775,2,0.38946308108854183,0.0450103844109254,17.331092717342827,1.5469645686590399
326.3704118464279,4,0.1893121618557413,0.4378684602262752,-42.98698447388437,1.2873953456278182
470.59423279928166,4,0.14075537521642845,0.5093870535749124,-33.00818451833278,1.4534756620911973
78.4773000104287,3,0.1725082969579959,0.2834812065386929,61.3493071142489,1.0035348229449823
256.63460553123633,4,0.2736917007411762,0.3058982196342296,119.24440092958196,1.2318821584176751
204.99702341667916,4,0.11292659704823144,0.18732856375324694,-47.31344934223965,1.0958198452226482
239.71352109389596,3,0.6657578672242429,0.5816751502353525,44.789194460485064,1.4348638865083945
64.01267546788358,1,0.3132461399722812,0.43987468473572716,77.67148799003483,1.1217162090741728
71.37683188701884,4,0.5758302416293868,0.22139313198020696,90.55172076235937,1.1044526873404996
142.6473951617224,4,0.6833711300207502,0.10488443173980304,42.68483320784881,1.2628616048683066
155.82877886161148,5,0.10247793200178042,0.1317477553212548,55.38571663129787,0.9998162496045836
216.81209077226825,0,0.47358515415774605,0.27835337166603,68.44324069667408,1.465708478596072
307.43883578313097,2,0.616415906381789,0.5655410401886027,96.02426244788322,1.5634914793307284
319.1414131220402,5,0.4622523820783733,0.44048780745655086,-29.210778675520828,1.3767276179599464
208.84639380985726,3,0.3288669788823182,0.12914624890748988,107.45097336672677,1.2482662551777064
207.34763916720507,5,0.33019963246465983,0.5157366800513388,-45.5770413962331,1.1264749025420284
112.72612071499618,0,0.0733342759047833,0.22692031380580865,92.1539576628218,1.1521385641498998
296.21159296245906,0,0.3974904883380289,0.5110333096515112,-36.95412748485147,1.5321374153667824
161.93525110203277,4,0.6958029479114508,0.14501975878867857,-16.91320402716321,1.2971242220449324
22.849617967295032,2,0.6731598918817571,0.37119636716179055,-49.337995115207455,1.120905424704034
212.1080218576459,3,0.07625949874740606,0.5560022928487691,25.693639941126918,1.1232741967616124
239.69567416963432,2,0.5087680523591672,0.15473640548867648,6.8410685419566875,1.4339998577219646
116.66846976108444,2,0.24614716335300502,0.41575595435151297,-21.781205047205354,1.1163074594858466
288.36667689544726,5,0.6369429497139888,0.5923875719742863,26.685327336664074,1.415575328436443
285.05709071380085,0,0.07932458471103104,0.0903589723458021,18.403050139271258,1.3696860384798832
352.49107964963383,4,0.6583181663072023,0.05304137442040464,80.50237555878607,1.6150840314035948
325.734498689599,5,0.594359233462055,0.4045171154668897,101.83215203190551,1.4721435830851761
327.95436297791065,3,0.12637784846419098,0.20384156864941821,60.93643280040392,1.3090747046658593
161.52600515290135,2,0.08888581925624447,0.04274668641995467,-28.85023391649094,1.1378701500801593
394.7789498830472,0,0.5925599818125082,0.2851833707301625,0.2164351006746088,1.803448673317183
276.8264698818413,4,0.15124248613347657,0.4522624077863734,105.26411046148758,1.1977384695784563
218.5520066140456,2,0.39768379943431575,0.17107344024911325,-34.91513618865884,1.331282694342022
314.87617806582324,0,0.6452341576211611,0.20102812650308083,19.165492696440495,1.7216481318818115
183.52538055287587,2,0.4188412738070601,0.5074196403881832,110.22578526969181,1.2903143478393877
258.80592608034533,5,0.3082016459573356,0.3120431473568928,111.61302304981257,1.2251171773627534
369.669315798699,1,0.3392604356550949,0.5056391812838832,19.904540098311713,1.5834105707857125
443.7694289282353,1,0.09102616095751616,0.2678336952862257,63.45747097679555,1.5276811504265306
460.92331266111984,4,0.6796890088850392,0.571785096936062,27.64675172017982,1.8106119586942173
254.2982979656341,1,0.25192522030270376,0.390476753830642,78.08829170417809,1.3566348851086443
262.5361817965817,5,0.17308626958735496,0.06953931919154965,-44.63117378219025,1.1721244953329721
400.93585332809903,5,0.23593074619625692,0.5310557929360804,-25.493284683369065,1.3613796501380449
160.65309241337962,5,0.6768425766794612,0.29355911449847866,54.413796602411864,1.2317591684285356
419.50426936080896,5,0.11128593476720455,0.08498338078374298,-10.466115384679192,1.3499086183187297
249.6001150261246,1,0.6137469763257678,0.09161408030485242,63.228890875755255,1.5426024798183997
62.34907854595785,1,0.510098531360941,0.4125203610659231,9.70789766842072,1.1911543380501766
40.66927780110713,2,0.5895124664533683,0.028423504037693868,100.72974488172963,1.1447400410334885
421.78663946453423,2,0.6843334012391326,0.17195625894828795,89.2740955451977,1.8319516874496458
32.506118868904565,5,0.5974005260859667,0.08387255428192086,33.782426011692976,0.9835370584056335
143.90266088615968,4,0.6631985283306043,0.26464645777037055,81.39216480612583,1.2446616539094124
170.3943700482652,3,0.13250791691409786,0.24861226319661678,-3.906559340034633,1.108322736827063
90.63225036983893,5,0.5672625673585305,0.31312586081331356,34.02416205801664,1.059702700837695
160.37721805198467,3,0.404689201152681,0.16778179746151814,-16.428051183242715,1.2046099078934465
372.6328205289174,2,0.4032721368019094,0.019226153626906318,96.35064864856895,1.6168211010274487
12.26800756223503,2,0.6342990246083338,0.36863166392111146,89.92149481663054,1.0846971467606157
414.4508451377398,3,0.6816724821203622,0.22423080172941082,103.3654436295302,1.7527518775593947
428.9912716694063,0,0.5081449099780676,0.39080099924402784,99.1710868081241,1.8010316111442408
189.26947872981634,4,0.36390995315665947,0.06520018248256107,113.13136455011411,1.201954737017773
81.03838503501423,3,0.34666250763619944,0.008266413176430199,-11.182840622572584,1.086588882923214
302.41600193281505,4,0.30112194719506813,0.14897654873117563,108.41012943520363,1.338842198708049
64.2379151531227,3,0.2850393692222307,0.2739283937964313,47.106242529839605,1.0275818249462167
185.635083733735,4,0.30447944709488034,0.23644318450108037,21.824164266085873,1.1530352889412596
479.42244454598136,5,0.10833960291327692,0.4861815331640798,45.26356231453842,1.3975594735897883
497.75491392890035,3,0.10033345541928484,0.22670258651569436,8.24240063054723,1.508113326782623
387.1919212205199,2,0.5569153985170026,0.31826470776184734,-0.9459888166381418,1.677771359352639
158.9259474107793,0,0.3399473803981469,0.3561093554653153,-8.976562543820108,1.2985739199311654
345.3941993372158,4,0.6549449175540033,0.013098834987486962,-35.987241792288444,1.5854393929655373
354.1761509145863,5,0.447943655586069,0.3090800261077134,34.41603251502187,1.4453140666062625
196.9816391060066,4,0.07286438841987283,0.2068987556393027,100.91948487136085,1.084752934384353
322.2398741201489,5,0.15239017185636164,0.25276807660995276,57.12583477664539,1.2396707638734736
10.31018426295974,5,0.1837828654584549,0.06017243909715015,38.565857568481505,0.8380942223633463
108.48354100810953,4,0.6842284158532793,0.4696923393891871,22.86079610265581,1.1811899753241097
264.9187099687943,3,0.19215774699856264,0.5654425504851135,28.948276473922633,1.2263263441500225
86.05689560785646,0,0.3852411895872333,0.013361292377760002,-14.42285091276834,1.245487134120565
87.12389959888415,0,0.6585150055661274,0.36082365768680874,89.89909912282653,1.3149525760994603
418.97062382236777,1,0.6851752744443322,0.4583064403730148,-16.27489624214023,1.8579598102584376
494.6208363283847,2,0.20363428299930397,0.17088455318993365,71.82586864364322,1.6354054288091906
280.204866874082,4,0.08192646843752607,0.47253335091793003,79.19745195434595,1.1609116039956486
420.33951678644814,2,0.14984119114954303,0.37941303045978075,47.72773714471482,1.469482390561563
495.2092238415049,0,0.09116351115666275,0.557497579362642,96.69748374232086,1.615322464592129
75.08996484154348,1,0.17683075671001863,0.5886028868122637,-0.5214400833894928,1.0755735343356407
226.8815785609038,5,0.41957031455742794,0.025407668399222882,99.87492761128675,1.2487651298145144
199.32349434175035,5,0.6430917175921671,0.2669626566162037,73.99977813188171,1.2689533170845804
44.62439540486159,2,0.39919227440132093,0.3281926725469309,85.78747071949931,1.0609294031142613
378.88843553339854,4,0.4568932118544024,0.08804593992459149,62.9785506196434,1.529829923113095
219.72061852468354,4,0.1812137135462017,0.20177149825641702,93.8783128882948,1.1524559191626906
237.31683242424864,5,0.5703793534380026,0.592588468653877,118.82680666199812,1.2815697687610084
79.58312203755389,5,0.451562790528629,0.009738273805482867,21.427685269188572,1.0114176271680866
94.55869285427973,3,0.6116889389752711,0.27150475891463044,88.36566623062697,1.172832586035056
454.0162929673264,2,0.6667480195537596,0.5055927730309177,76.57855911806571,1.8549733259523036
27.101299042268046,3,0.27613550424178496,0.19434075763157305,26.987928171043052,0.9577648348068731
120.2618810471346,1,0.10887638804803557,0.287879101653092,107.58132995452704,1.1223817147435007
149.56936850569153,2,0.19685382264590856,0.5868274474727879,17.0524080273411,1.1437033594938724
247.64778348878528,3,0.3345970176892941,0.28492610188542233,46.12920576696038,1.292732847572958
295.290360642324,3,0.6647008736859076,0.07855278728789943,-31.989799311536537,1.5552310141597743
249.17853804607995,3,0.2959013845427199,0.031032894999834637,-11.618217008734739,1.3140637732345768
46.6370906056566,2,0.5510025888824904,0.5672499434639691,92.9183489907393,1.1035144627216478
125.61538975757821,2,0.40130984991099067,0.15948564796503942,17.41396288090405,1.198302084094593
422.5762504574579,0,0.16882570078013476,0.30243834393873054,16.994295200593896,1.6049247395673458
320.60640673683724,3,0.2584771773197435,0.05442105965398116,-8.183226907594559,1.381946816196335
326.32877981646584,3,0.4745747252648321,0.25419307233036303,33.57375683056725,1.5096663439405305
336.7506113989207,5,0.4873547065451807,0.5580633115500744,86.9888834296058,1.4198342251331482
382.63699442456686,3,0.33259383542587995,0.30144779617856304,102.17790002153572,1.4991181858704357
33.76369845211643,2,0.1986196417303745,0.5826810910813968,-38.08054655248874,0.9809500791546527
186.47115054164314,0,0.5192394066832395,0.1553013823424398,47.71952431081962,1.44049736237582
272.06608045453095,1,0.1597674770482646,0.30272714382236227,29.436472541696872,1.353180421074047
172.5359592321764,2,0.6588352997123322,0.5157184750855951,54.42791458016832,1.356572974589589
423.0170422771573,2,0.17213732637370982,0.26895141273224626,26.036866774405752,1.5086078648233363
243.8733917507105,2,0.11975303584113828,0.16769242414211374,17.769619545080573,1.2490435773056667
385.47065678239267,2,0.37347100653749615,0.513285218050729,30.219721113013193,1.5688529268572062
426.7476808561787,4,0.3877072387713011,0.2339336813235654,48.9398518885904,1.5497087600947392
254.87178403723155,0,0.38032539460585907,0.3184339746361404,35.167145875402056,1.4809483528088159
455.2283607163182,1,0.3338338680702456,0.5859162398490874,30.264556673509844,1.6859836676439415
295.6263505658054,0,0.6966296803392453,0.11188997685351833,89.03200269287373,1.6946789539020264
425.8857779226923,1,0.3660823982358782,0.18084038203211142,76.76015851043582,1.6949094407039005
173.5924438178045,4,0.3606652774808901,0.018641760041903963,8.034344010802776,1.2007673358962014
251.9143944730852,0,0.3241479407644648,0.23510262594603162,86.09810997760448,1.4542969046943868
268.048465297266,2,0.09343674055595089,0.12011005835091572,95.12061373076503,1.2858713559476236
56.964959368554936,0,0.43542181024725035,0.4080209612447348,-23.906325086387614,1.1864915428359717
202.28349081726262,5,0.19817905194506857,0.10879287525951142,49.056018494228994,1.0833847826221774
459.08214791307967,4,0.4644458371488824,0.4048876514435218,-1.4969610881336592,1.6287540430834113
317.2619589805475,1,0.08304175026651014,0.1580852569135906,75.65929472754283,1.3734868330421606
92.8657583062989,1,0.6879016158144511,0.21313070047271987,-9.406494009023852,1.2914027039740867
172.73353962675446,0,0.3548533013582369,0.2093163912278385,64.13859910941541,1.333970479108946
99.84348978303642,2,0.6328909915339539,0.43005105009816563,-6.628808470202237,1.2310768836364687
17.287450240293406,4,0.35911476260140757,0.2799055578830058,36.894439783090334,0.936363024889262
464.09292695949324,3,0.08921503207324413,0.21677933931160984,111.26989954575265,1.454149686289694
226.86262748715137,5,0.5844388049609744,0.5115736314236699,14.822281537593867,1.2821352396429881
157.22986084828915,2,0.47131942428363727,0.3431703753847216,98.8755426137453,1.2854269015477922
301.2462098210796,1,0.5581420809230643,0.12829849276679867,117.78057880466207,1.5894238931053342
8.620655865042739,2,0.3283104112807676,0.5400547668862096,98.72464429687776,0.9918174753561617
142.62094276740285,1,0.4646588837603191,0.20559017762018436,-21.802774947031715,1.2919739570800532
353.00156552095183,5,0.6065488524677949,0.023387626522392235,89.34189732097772,1.5460139403451596
318.7160376692852,1,0.4601925378667268,0.29676013438467175,-44.53460283290459,1.576594743587694
490.99394403355507,2,0.27598786264333713,0.07436283266452667,16.861320228882335,1.6879956906403824
312.0770662807318,3,0.48064423633802983,0.14307986622944552,98.02467346403685,1.4960484744227511
